<?xml version="1.0" encoding="ISO-8859-1"?>
<FreightInvoiceExt>
   <Envelope>
      <SenderIdentification>USCHI01</SenderIdentification>
      <ReceiverIdentification>USIND35</ReceiverIdentification>
      <MessageType>FRTINV</MessageType>
      <MessageVersion>01.00</MessageVersion>
      <EnvelopeIdentification>0156</EnvelopeIdentification>
      <TransmissionDateTime>
         <Date>2016-02-16</Date>
         <Time>18:36:33.0Z</Time>
      </TransmissionDateTime>
   </Envelope>
   <Message>
      <InvoiceHeader>
         <InvoiceType>S</InvoiceType>
         <InvoiceNumber>CHI2488876</InvoiceNumber>
         <InvoiceDate>2016-02-16</InvoiceDate>
         <InvoiceDueDate>2016-04-01</InvoiceDueDate>
         <CreditDebitFlag>D</CreditDebitFlag>
         <InvoiceToAddress>
            <PartyInformation>
               <PartyName>ELI LILLY US</PartyName>
               <PartyName_2>C O TRAX TECHNOLOGIES MB E04</PartyName_2>
               <Street>7100 E  BELLEVIEW AVE   SUITE 107</Street>
               <City>GREENWOOD VILLAGE</City>
               <StateRegionCode>CO</StateRegionCode>
               <CountryCode>US</CountryCode>
               <KNAddressCode>ELILIND003</KNAddressCode>
            </PartyInformation>
            <AccountNo>8113976</AccountNo>
         </InvoiceToAddress>
         <InvoicedByAddress>
            <PartyInformation>
               <PartyName>KUEHNE+NAGEL INC FMC 001162NF</PartyName>
               <Street>1001 BUSSE ROAD CHB 4455 FC J497</Street>
               <City>ELK GROVE VILLAGE</City>
               <StateRegionCode>IL</StateRegionCode>
               <CountryCode>US</CountryCode>
               <KNAddressCode>KN CHI FS</KNAddressCode>
            </PartyInformation>
         </InvoicedByAddress>
      </InvoiceHeader>
      <InvoiceDetails>
         <KNFileReference>6320-0286-601.012</KNFileReference>
         <TypeOfTransport>10</TypeOfTransport>
         <InvoiceAmount>
            <Value>3725.00</Value>
            <Currency>USD</Currency>
         </InvoiceAmount>
         <VATDetails>
            <VATText>Freight - ACON 100</VATText>
            <VATBaseValue>
               <Value>3725.00</Value>
               <Currency>USD</Currency>
            </VATBaseValue>
            <VATValue>
               <Value>0.00</Value>
               <Currency>USD</Currency>
            </VATValue>
            <VATRate>0.00</VATRate>
         </VATDetails>
         <ChargeDetails>
            <ChargeCode>550</ChargeCode>
            <CreditDebitFlag>D</CreditDebitFlag>
            <ChargeDescription>SEA FREIGHT</ChargeDescription>
            <ChargeAmount>
               <Value>3545.00</Value>
               <Currency>USD</Currency>
            </ChargeAmount>
            <VATPercentage>0.00</VATPercentage>
            <ChargeRemarks/>
         </ChargeDetails>
         <ChargeDetails>
            <ChargeCode>359</ChargeCode>
            <CreditDebitFlag>D</CreditDebitFlag>
            <ChargeDescription>DRIVER DETENTION</ChargeDescription>
            <ChargeAmount>
               <Value>180.00</Value>
               <Currency>USD</Currency>
            </ChargeAmount>
            <VATPercentage>0.00</VATPercentage>
            <ChargeRemarks/>
         </ChargeDetails>
         <AddressInformation>
            <AddressType>SH</AddressType>
            <PartyInformation>
               <PartyName>ELI LILLY AND COMPANY</PartyName>
               <Street>LILLY CORPORATE CENTER</Street>
               <City>INDIANAPOLIS</City>
               <StateRegionCode>IN</StateRegionCode>
               <CountryCode>US</CountryCode>
               <KNAddressCode>ELILIND003</KNAddressCode>
            </PartyInformation>
         </AddressInformation>
         <AddressInformation>
            <AddressType>CN</AddressType>
            <PartyInformation>
               <PartyName>ELI LILLY COMPANY LTD</PartyName>
               <PartyName_2>SPEKE OPERATIONS</PartyName_2>
               <Street>FLEMING ROAD, SPEKE</Street>
               <City>LIVERPOOL</City>
               <StateRegionCode>LIV</StateRegionCode>
               <CountryCode>GB</CountryCode>
               <KNAddressCode>ELILLIV001</KNAddressCode>
            </PartyInformation>
         </AddressInformation>
         <AddressInformation>
            <AddressType>NI</AddressType>
            <PartyInformation>
               <PartyName>ELI LILLY COMPANY LTD</PartyName>
               <PartyName_2>SPEKE OPERATIONS</PartyName_2>
               <Street>FLEMING ROAD, SPEKE</Street>
               <City>LIVERPOOL</City>
               <StateRegionCode>LIV</StateRegionCode>
               <CountryCode>GB</CountryCode>
               <KNAddressCode>ELILLIV001</KNAddressCode>
            </PartyInformation>
         </AddressInformation>
         <ReferenceInformation>
            <AddressType>CU</AddressType>
            <ReferenceType>BN</ReferenceType>
            <Reference>WWWE73137866904</Reference>
         </ReferenceInformation>
         <ReferenceInformation>
            <AddressType>CU</AddressType>
            <ReferenceType>FV</ReferenceType>
            <Reference>1</Reference>
         </ReferenceInformation>
         <ReferenceInformation>
            <AddressType>CU</AddressType>
            <ReferenceType>Z03</ReferenceType>
            <Reference>NO</Reference>
         </ReferenceInformation>
         <ReferenceInformation>
            <AddressType>CU</AddressType>
            <ReferenceType>Z01</ReferenceType>
            <Reference>5014879980</Reference>
         </ReferenceInformation>
         <ReferenceInformation>
            <AddressType>CU</AddressType>
            <ReferenceType>IV</ReferenceType>
            <Reference>7000504711</Reference>
         </ReferenceInformation>
         <ReferenceInformation>
            <AddressType>CU</AddressType>
            <ReferenceType>ON</ReferenceType>
            <Reference>4500990429</Reference>
         </ReferenceInformation>
         <ReferenceInformation>
            <AddressType>CU</AddressType>
            <ReferenceType>Z02</ReferenceType>
            <Reference>NO</Reference>
         </ReferenceInformation>
         <ReferenceInformation>
            <AddressType>CU</AddressType>
            <ReferenceType>VP</ReferenceType>
            <Reference>4500990429</Reference>
         </ReferenceInformation>
         <ReferenceInformation>
            <AddressType>SH</AddressType>
            <ReferenceType>*BK</ReferenceType>
            <Reference>15269750</Reference>
         </ReferenceInformation>
         <ReferenceInformation>
            <AddressType>SH</AddressType>
            <ReferenceType>*BK</ReferenceType>
            <Reference>15269750</Reference>
         </ReferenceInformation>
         <ReferenceInformation>
            <AddressType>SH</AddressType>
            <ReferenceType>Z02</ReferenceType>
            <Reference>NO</Reference>
         </ReferenceInformation>
         <ReferenceInformation>
            <AddressType>SH</AddressType>
            <ReferenceType>Z01</ReferenceType>
            <Reference>5014879980</Reference>
         </ReferenceInformation>
         <ReferenceInformation>
            <AddressType>SH</AddressType>
            <ReferenceType>ON</ReferenceType>
            <Reference>4500990429</Reference>
         </ReferenceInformation>
         <ReferenceInformation>
            <AddressType>SH</AddressType>
            <ReferenceType>IV</ReferenceType>
            <Reference>7000504711</Reference>
         </ReferenceInformation>
         <ReferenceInformation>
            <AddressType>SH</AddressType>
            <ReferenceType>VP</ReferenceType>
            <Reference>4500990429</Reference>
         </ReferenceInformation>
         <ReferenceInformation>
            <AddressType>CN</AddressType>
            <ReferenceType>Z01</ReferenceType>
            <Reference>5014879980</Reference>
         </ReferenceInformation>
         <ReferenceInformation>
            <AddressType>CN</AddressType>
            <ReferenceType>IV</ReferenceType>
            <Reference>7000504711</Reference>
         </ReferenceInformation>
         <ReferenceInformation>
            <AddressType>CN</AddressType>
            <ReferenceType>ON</ReferenceType>
            <Reference>4500990429</Reference>
         </ReferenceInformation>
         <ReferenceInformation>
            <AddressType>CN</AddressType>
            <ReferenceType>Z02</ReferenceType>
            <Reference>NO</Reference>
         </ReferenceInformation>
         <ReferenceInformation>
            <AddressType>CN</AddressType>
            <ReferenceType>VP</ReferenceType>
            <Reference>4500990429</Reference>
         </ReferenceInformation>
         <ReferenceInformation>
            <AddressType>FW</AddressType>
            <Reference>1430-4375-602.036</Reference>
         </ReferenceInformation>
         <ReferenceInformation>
            <AddressType>NI</AddressType>
            <ReferenceType>Z01</ReferenceType>
            <Reference>5014879980</Reference>
         </ReferenceInformation>
         <ReferenceInformation>
            <AddressType>NI</AddressType>
            <ReferenceType>IV</ReferenceType>
            <Reference>7000504711</Reference>
         </ReferenceInformation>
         <ReferenceInformation>
            <AddressType>NI</AddressType>
            <ReferenceType>ON</ReferenceType>
            <Reference>4500990429</Reference>
         </ReferenceInformation>
         <ReferenceInformation>
            <AddressType>NI</AddressType>
            <ReferenceType>Z02</ReferenceType>
            <Reference>NO</Reference>
         </ReferenceInformation>
         <ReferenceInformation>
            <AddressType>NI</AddressType>
            <ReferenceType>VP</ReferenceType>
            <Reference>4500990429</Reference>
         </ReferenceInformation>
         <ShipmentInformation>
            <TotalNoOfPackages>1</TotalNoOfPackages>
            <DangerousGoodsFlag>N</DangerousGoodsFlag>
            <TotalNoOfPackagesDangerousGoods>0</TotalNoOfPackagesDangerousGoods>
            <TotalGrossWeight>
               <Value>18918.00</Value>
               <MeasureUnit>K</MeasureUnit>
            </TotalGrossWeight>
            <TotalChargeableWeight>
               <Value>28550.00</Value>
               <MeasureUnit>K</MeasureUnit>
            </TotalChargeableWeight>
            <TotalGrossVolume>
               <Value>28.550</Value>
               <MeasureUnit>M</MeasureUnit>
            </TotalGrossVolume>
            <ShippingDetails>
               <Seafreight>
                  <PlaceOfReceipt>INDIANAPOLIS, IN              USIND</PlaceOfReceipt>
                  <CountryOfOrigin>US</CountryOfOrigin>
                  <PortOfLoading>CAHAL</PortOfLoading>
                  <ETSDate>2016-02-14</ETSDate>
                  <ETADate>2016-02-21</ETADate>
                  <PortOfDischarge>GBLIV</PortOfDischarge>
                  <CountryOfDestination>GB</CountryOfDestination>
                  <PlaceOfDelivery>LIVERPOOL                     GBLIV</PlaceOfDelivery>
                  <OceanVessel>ATLANTIC CARTIER</OceanVessel>
                  <VoyageNo>6334</VoyageNo>
                  <SCAC>HLCU</SCAC>
                  <TermsOfDelivery>DAP</TermsOfDelivery>
                  <TermsOfDeliveryLocation>LIVERPOOL</TermsOfDeliveryLocation>
                  <InsuranceCode>2</InsuranceCode>
                  <MovementCode>4</MovementCode>
               </Seafreight>
            </ShippingDetails>
            <FCLContainerDetails>
               <ContainerType>40GE</ContainerType>
               <ContainerNumber>HLXU5201463</ContainerNumber>
               <ContainerSealNumber>8447039</ContainerSealNumber>
               <ContainerMovementCode>4</ContainerMovementCode>
               <NoOfPackages/>
               <ContainerGrossWeight>
                  <Value>18918.00</Value>
                  <MeasureUnit>K</MeasureUnit>
               </ContainerGrossWeight>
               <ContainerGrossVolume>
                  <Value>28.550</Value>
                  <MeasureUnit>M</MeasureUnit>
               </ContainerGrossVolume>
               <Content>
                  <CargoDescription>CONTAINER SAID TO CONTAIN</CargoDescription>
                  <CargoDescription>MAXIBAN 160</CargoDescription>
                  <CargoDescription>AESPOST 350470957 01/18/16</CargoDescription>
                  <CargoDescription>ALL MENTIONED CONTAINERS</CargoDescription>
                  <CargoDescription>SEAL</CargoDescription>
                  <CargoDescription>18 PALLETS (720 BAGS) OF</CargoDescription>
                  <CargoDescription>(ANIMAL FEED SUPPLEMENT)</CargoDescription>
                  <CargoDescription>HS-CODE(S):2309901020</CargoDescription>
                  <CargoDescription>SHIPPER'S LOAD, COUNT AND</CargoDescription>
               </Content>
            </FCLContainerDetails>
         </ShipmentInformation>
      </InvoiceDetails>
      <InvoiceTotals>
         <InvoiceTotalIncludingVAT>
            <Value>3725.00</Value>
            <Currency>USD</Currency>
         </InvoiceTotalIncludingVAT>
         <InvoiceNetLiableVAT>
            <Value>0.00</Value>
            <Currency>USD</Currency>
            <VATPercentage>0.00</VATPercentage>
         </InvoiceNetLiableVAT>
         <InvoiceNetNotLiableVAT>
            <Value>3725.00</Value>
            <Currency>USD</Currency>
         </InvoiceNetNotLiableVAT>
         <InvoiceTotalVAT>
            <Value>0.00</Value>
            <Currency>USD</Currency>
         </InvoiceTotalVAT>
         <InvoiceTotalNet>
            <Value>3725.00</Value>
            <Currency>USD</Currency>
         </InvoiceTotalNet>
      </InvoiceTotals>
   </Message>
</FreightInvoiceExt>
