<?xml version="1.0" encoding="ISO-8859-1"?>
<FreightInvoiceExt>
   <Envelope>
      <SenderIdentification>USCHI01</SenderIdentification>
      <ReceiverIdentification>USIND35</ReceiverIdentification>
      <MessageType>FRTINV</MessageType>
      <MessageVersion>01.00</MessageVersion>
      <EnvelopeIdentification>0136</EnvelopeIdentification>
      <TransmissionDateTime>
         <Date>2016-02-15</Date>
         <Time>18:52:25.0Z</Time>
      </TransmissionDateTime>
   </Envelope>
   <Message>
      <InvoiceHeader>
         <InvoiceType>S</InvoiceType>
         <InvoiceNumber>CHI2488644</InvoiceNumber>
         <InvoiceDate>2016-02-15</InvoiceDate>
         <InvoiceDueDate>2016-03-31</InvoiceDueDate>
         <CreditDebitFlag>D</CreditDebitFlag>
         <InvoiceToAddress>
            <PartyInformation>
               <PartyName>ELI LILLY US</PartyName>
               <PartyName_2>C O TRAX TECHNOLOGIES MB E04</PartyName_2>
               <Street>7100 E  BELLEVIEW AVE   SUITE 107</Street>
               <City>GREENWOOD VILLAGE</City>
               <StateRegionCode>CO</StateRegionCode>
               <CountryCode>US</CountryCode>
               <KNAddressCode>ELILIND003</KNAddressCode>
            </PartyInformation>
            <AccountNo>8113976</AccountNo>
         </InvoiceToAddress>
         <InvoicedByAddress>
            <PartyInformation>
               <PartyName>KUEHNE+NAGEL INC FMC 001162NF</PartyName>
               <Street>1001 BUSSE ROAD CHB 4455 FC J497</Street>
               <City>ELK GROVE VILLAGE</City>
               <StateRegionCode>IL</StateRegionCode>
               <CountryCode>US</CountryCode>
               <KNAddressCode>KN CHI FS</KNAddressCode>
            </PartyInformation>
         </InvoicedByAddress>
      </InvoiceHeader>
      <InvoiceDetails>
         <KNFileReference>6320-0062-601.017</KNFileReference>
         <TypeOfTransport>10</TypeOfTransport>
         <InvoiceAmount>
            <Value>3369.00</Value>
            <Currency>USD</Currency>
         </InvoiceAmount>
         <VATDetails>
            <VATText>Freight - ACON 100</VATText>
            <VATBaseValue>
               <Value>3069.00</Value>
               <Currency>USD</Currency>
            </VATBaseValue>
            <VATValue>
               <Value>0.00</Value>
               <Currency>USD</Currency>
            </VATValue>
            <VATRate>0.00</VATRate>
         </VATDetails>
         <ChargeDetails>
            <ChargeCode>550</ChargeCode>
            <CreditDebitFlag>D</CreditDebitFlag>
            <ChargeDescription>SEA FREIGHT</ChargeDescription>
            <ChargeAmount>
               <Value>3069.00</Value>
               <Currency>USD</Currency>
            </ChargeAmount>
            <VATPercentage>0.00</VATPercentage>
            <ChargeRemarks/>
         </ChargeDetails>
         <ChargeDetails>
            <ChargeCode>555</ChargeCode>
            <CreditDebitFlag>D</CreditDebitFlag>
            <ChargeDescription>HAZ GOODS CHARGE/IMDG CHARGE</ChargeDescription>
            <ChargeAmount>
               <Value>150.00</Value>
               <Currency>USD</Currency>
            </ChargeAmount>
            <VATPercentage>0.00</VATPercentage>
            <ChargeRemarks/>
         </ChargeDetails>
         <ChargeDetails>
            <ChargeCode>656</ChargeCode>
            <CreditDebitFlag>D</CreditDebitFlag>
            <ChargeDescription>LETTER OF CREDIT HANDLING FEE</ChargeDescription>
            <ChargeAmount>
               <Value>150.00</Value>
               <Currency>USD</Currency>
            </ChargeAmount>
            <VATPercentage>0.00</VATPercentage>
            <ChargeRemarks/>
         </ChargeDetails>
         <AddressInformation>
            <AddressType>SH</AddressType>
            <PartyInformation>
               <PartyName>ELI LILLY AND COMPANY</PartyName>
               <Street>LILLY CORPORATE CENTER</Street>
               <City>INDIANAPOLIS</City>
               <StateRegionCode>IN</StateRegionCode>
               <CountryCode>US</CountryCode>
               <KNAddressCode>ELILIND003</KNAddressCode>
            </PartyInformation>
         </AddressInformation>
         <AddressInformation>
            <AddressType>CN</AddressType>
            <PartyInformation>
               <PartyName>NINGBO FREE ZONE HAIXIN INT</PartyName>
               <PartyName_2>TRADE CO LTD</PartyName_2>
               <Street>1232 BUSINESS BLDG</Street>
               <City>NINGBO</City>
               <CountryCode>CN</CountryCode>
               <KNAddressCode>FREENIN004</KNAddressCode>
            </PartyInformation>
         </AddressInformation>
         <AddressInformation>
            <AddressType>NI</AddressType>
            <PartyInformation>
               <PartyName>GUANGZHOU KWANG FENG IND CO LTD</PartyName>
               <Street>NO 128 SONGGANG ST JIANGGAO TOW</Street>
               <Street_2>BAIYUN DISTRICT JIAOXIN</Street_2>
               <City>GUANGZHOU</City>
               <CountryCode>CN</CountryCode>
               <KNAddressCode>KWANGUA001</KNAddressCode>
            </PartyInformation>
         </AddressInformation>
         <ReferenceInformation>
            <AddressType>CU</AddressType>
            <ReferenceType>BN</ReferenceType>
            <Reference>WWWE74035825816</Reference>
         </ReferenceInformation>
         <ReferenceInformation>
            <AddressType>CU</AddressType>
            <ReferenceType>FV</ReferenceType>
            <Reference>1</Reference>
         </ReferenceInformation>
         <ReferenceInformation>
            <AddressType>CU</AddressType>
            <ReferenceType>Z03</ReferenceType>
            <Reference>YES</Reference>
         </ReferenceInformation>
         <ReferenceInformation>
            <AddressType>CU</AddressType>
            <ReferenceType>Z01</ReferenceType>
            <Reference>5014963407</Reference>
         </ReferenceInformation>
         <ReferenceInformation>
            <AddressType>CU</AddressType>
            <ReferenceType>ON</ReferenceType>
            <Reference>EL-T-16002B</Reference>
         </ReferenceInformation>
         <ReferenceInformation>
            <AddressType>CU</AddressType>
            <ReferenceType>Z02</ReferenceType>
            <Reference>NO</Reference>
         </ReferenceInformation>
         <ReferenceInformation>
            <AddressType>SH</AddressType>
            <ReferenceType>Z03</ReferenceType>
            <Reference>YES</Reference>
         </ReferenceInformation>
         <ReferenceInformation>
            <AddressType>SH</AddressType>
            <ReferenceType>Z02</ReferenceType>
            <Reference>NO</Reference>
         </ReferenceInformation>
         <ReferenceInformation>
            <AddressType>SH</AddressType>
            <ReferenceType>Z01</ReferenceType>
            <Reference>5014963407</Reference>
         </ReferenceInformation>
         <ReferenceInformation>
            <AddressType>SH</AddressType>
            <ReferenceType>ON</ReferenceType>
            <Reference>EL-T-16002B</Reference>
         </ReferenceInformation>
         <ReferenceInformation>
            <AddressType>CN</AddressType>
            <ReferenceType>*BK</ReferenceType>
            <Reference>4037297690</Reference>
         </ReferenceInformation>
         <ReferenceInformation>
            <AddressType>FW</AddressType>
            <Reference>    -    -   .</Reference>
         </ReferenceInformation>
         <ShipmentInformation>
            <TotalNoOfPackages>1</TotalNoOfPackages>
            <DangerousGoodsFlag>N</DangerousGoodsFlag>
            <TotalNoOfPackagesDangerousGoods>0</TotalNoOfPackagesDangerousGoods>
            <TotalGrossWeight>
               <Value>17262.77</Value>
               <MeasureUnit>K</MeasureUnit>
            </TotalGrossWeight>
            <TotalChargeableWeight>
               <Value>33740.00</Value>
               <MeasureUnit>K</MeasureUnit>
            </TotalChargeableWeight>
            <TotalGrossVolume>
               <Value>33.740</Value>
               <MeasureUnit>M</MeasureUnit>
            </TotalGrossVolume>
            <ShippingDetails>
               <Seafreight>
                  <PlaceOfReceipt>INDIANAPOLIS, IN              USIND</PlaceOfReceipt>
                  <CountryOfOrigin>US</CountryOfOrigin>
                  <PortOfLoading>USLGB</PortOfLoading>
                  <ETSDate>2016-02-15</ETSDate>
                  <ETADate>2016-03-10</ETADate>
                  <PortOfDischarge>CNNSA</PortOfDischarge>
                  <CountryOfDestination>CN</CountryOfDestination>
                  <OceanVessel>OOCL MIAMI</OceanVessel>
                  <VoyageNo>027W</VoyageNo>
                  <SCAC>OOLU</SCAC>
                  <TermsOfDelivery>CIF</TermsOfDelivery>
                  <TermsOfDeliveryLocation>NANSHA</TermsOfDeliveryLocation>
                  <InsuranceCode>2</InsuranceCode>
                  <MovementCode>4</MovementCode>
               </Seafreight>
            </ShippingDetails>
            <FCLContainerDetails>
               <ContainerType>40GE</ContainerType>
               <ContainerNumber>OOLU7679457</ContainerNumber>
               <ContainerSealNumber>8447155</ContainerSealNumber>
               <ContainerMovementCode>4</ContainerMovementCode>
               <ContainerGrossWeight>
                  <Value>17262.77</Value>
                  <MeasureUnit>K</MeasureUnit>
               </ContainerGrossWeight>
               <ContainerGrossVolume>
                  <Value>33.740</Value>
                  <MeasureUnit>M</MeasureUnit>
               </ContainerGrossVolume>
               <Content>
                  <CargoDescription>CONTAINER SAID TO CONTAIN</CargoDescription>
                  <CargoDescription>UN3077, ENVIRONMENTALLY</CargoDescription>
                  <CargoDescription>SOLID, N.O.S. (TYLOSIN</CargoDescription>
                  <CargoDescription>MARINE POLLUTANT</CargoDescription>
                  <CargoDescription>ITN:  X20160126403849</CargoDescription>
                  <CargoDescription>CONTACT CHEMTREC:</CargoDescription>
                  <CargoDescription>NORTH AMERICA</CargoDescription>
                  <CargoDescription>INTERNATIONAL</CargoDescription>
                  <CargoDescription>ALL MENTIONED CONTAINERS</CargoDescription>
                  <CargoDescription>SEAL</CargoDescription>
                  <CargoDescription>18 PALLETS (719 BAGS) 5H3</CargoDescription>
                  <CargoDescription>HAZARDOUS SUBSTANCE,</CargoDescription>
                  <CargoDescription>PHOSPHATE) 9, III,</CargoDescription>
                  <CargoDescription>(ANIMAL FEED SUPPLEMENT)</CargoDescription>
                  <CargoDescription>IN CASE OF EMERGENCY</CargoDescription>
                  <CargoDescription> 1-800-424-9300</CargoDescription>
                  <CargoDescription> 1-703-527-3887</CargoDescription>
                  <CargoDescription>HS-CODE(S):2309901035</CargoDescription>
                  <CargoDescription>SHIPPER'S LOAD, COUNT AND</CargoDescription>
               </Content>
            </FCLContainerDetails>
         </ShipmentInformation>
      </InvoiceDetails>
      <InvoiceTotals>
         <InvoiceTotalIncludingVAT>
            <Value>3369.00</Value>
            <Currency>USD</Currency>
         </InvoiceTotalIncludingVAT>
         <InvoiceNetLiableVAT>
            <Value>0.00</Value>
            <Currency>USD</Currency>
            <VATPercentage>0.00</VATPercentage>
         </InvoiceNetLiableVAT>
         <InvoiceNetNotLiableVAT>
            <Value>3369.00</Value>
            <Currency>USD</Currency>
         </InvoiceNetNotLiableVAT>
         <InvoiceTotalVAT>
            <Value>0.00</Value>
            <Currency>USD</Currency>
         </InvoiceTotalVAT>
         <InvoiceTotalNet>
            <Value>3369.00</Value>
            <Currency>USD</Currency>
         </InvoiceTotalNet>
      </InvoiceTotals>
   </Message>
</FreightInvoiceExt>
