<?xml version="1.0" encoding="ISO-8859-1"?>
<FreightInvoiceExt>
   <Envelope>
      <SenderIdentification>USCHI01</SenderIdentification>
      <ReceiverIdentification>USIND35</ReceiverIdentification>
      <MessageType>FRTINV</MessageType>
      <MessageVersion>01.00</MessageVersion>
      <EnvelopeIdentification>0137</EnvelopeIdentification>
      <TransmissionDateTime>
         <Date>2016-02-15</Date>
         <Time>19:15:36.0Z</Time>
      </TransmissionDateTime>
   </Envelope>
   <Message>
      <InvoiceHeader>
         <InvoiceType>S</InvoiceType>
         <InvoiceNumber>CHI2488664</InvoiceNumber>
         <InvoiceDate>2016-02-15</InvoiceDate>
         <InvoiceDueDate>2016-03-31</InvoiceDueDate>
         <CreditDebitFlag>D</CreditDebitFlag>
         <InvoiceToAddress>
            <PartyInformation>
               <PartyName>ELI LILLY US</PartyName>
               <PartyName_2>C O TRAX TECHNOLOGIES MB E04</PartyName_2>
               <Street>7100 E  BELLEVIEW AVE   SUITE 107</Street>
               <City>GREENWOOD VILLAGE</City>
               <StateRegionCode>CO</StateRegionCode>
               <CountryCode>US</CountryCode>
               <KNAddressCode>ELILIND003</KNAddressCode>
            </PartyInformation>
            <AccountNo>8113976</AccountNo>
         </InvoiceToAddress>
         <InvoicedByAddress>
            <PartyInformation>
               <PartyName>KUEHNE+NAGEL INC FMC 001162NF</PartyName>
               <Street>1001 BUSSE ROAD CHB 4455 FC J497</Street>
               <City>ELK GROVE VILLAGE</City>
               <StateRegionCode>IL</StateRegionCode>
               <CountryCode>US</CountryCode>
               <KNAddressCode>KN CHI FS</KNAddressCode>
            </PartyInformation>
         </InvoicedByAddress>
      </InvoiceHeader>
      <InvoiceDetails>
         <KNFileReference>6320-0133-601.012</KNFileReference>
         <TypeOfTransport>10</TypeOfTransport>
         <InvoiceAmount>
            <Value>3305.00</Value>
            <Currency>USD</Currency>
         </InvoiceAmount>
         <VATDetails>
            <VATText>Freight - ACON 100</VATText>
            <VATBaseValue>
               <Value>3305.00</Value>
               <Currency>USD</Currency>
            </VATBaseValue>
            <VATValue>
               <Value>0.00</Value>
               <Currency>USD</Currency>
            </VATValue>
            <VATRate>0.00</VATRate>
         </VATDetails>
         <ChargeDetails>
            <ChargeCode>550</ChargeCode>
            <CreditDebitFlag>D</CreditDebitFlag>
            <ChargeDescription>SEA FREIGHT</ChargeDescription>
            <ChargeAmount>
               <Value>3305.00</Value>
               <Currency>USD</Currency>
            </ChargeAmount>
            <VATPercentage>0.00</VATPercentage>
            <ChargeRemarks/>
         </ChargeDetails>
         <AddressInformation>
            <AddressType>SH</AddressType>
            <PartyInformation>
               <PartyName>ELI LILLY AND COMPANY</PartyName>
               <Street>LILLY CORPORATE CENTER</Street>
               <City>INDIANAPOLIS</City>
               <StateRegionCode>IN</StateRegionCode>
               <CountryCode>US</CountryCode>
               <KNAddressCode>ELILIND003</KNAddressCode>
            </PartyInformation>
         </AddressInformation>
         <AddressInformation>
            <AddressType>CN</AddressType>
            <PartyInformation>
               <PartyName>PT BEN MEYER CHEMICALS</PartyName>
               <Street>TAMAN TEKNO BSD INDUSTRIAL COMPLEX</Street>
               <Street_2>JL TEKNO UTAMA BLOK B NO 1 DS SETU</Street_2>
               <City>JAKARTA</City>
               <CountryCode>ID</CountryCode>
               <KNAddressCode>BENMJAK001</KNAddressCode>
            </PartyInformation>
         </AddressInformation>
         <ReferenceInformation>
            <AddressType>CU</AddressType>
            <ReferenceType>BN</ReferenceType>
            <Reference>WWWE74383273867</Reference>
         </ReferenceInformation>
         <ReferenceInformation>
            <AddressType>CU</AddressType>
            <ReferenceType>FV</ReferenceType>
            <Reference>1</Reference>
         </ReferenceInformation>
         <ReferenceInformation>
            <AddressType>CU</AddressType>
            <ReferenceType>Z03</ReferenceType>
            <Reference>NO</Reference>
         </ReferenceInformation>
         <ReferenceInformation>
            <AddressType>CU</AddressType>
            <ReferenceType>Z01</ReferenceType>
            <Reference>5014975106</Reference>
         </ReferenceInformation>
         <ReferenceInformation>
            <AddressType>CU</AddressType>
            <ReferenceType>ON</ReferenceType>
            <Reference>7100011780</Reference>
         </ReferenceInformation>
         <ReferenceInformation>
            <AddressType>CU</AddressType>
            <ReferenceType>Z02</ReferenceType>
            <Reference>NO</Reference>
         </ReferenceInformation>
         <ReferenceInformation>
            <AddressType>SH</AddressType>
            <ReferenceType>*BK</ReferenceType>
            <Reference>US0309305</Reference>
         </ReferenceInformation>
         <ReferenceInformation>
            <AddressType>SH</AddressType>
            <ReferenceType>Z03</ReferenceType>
            <Reference>NO</Reference>
         </ReferenceInformation>
         <ReferenceInformation>
            <AddressType>SH</AddressType>
            <ReferenceType>Z02</ReferenceType>
            <Reference>NO</Reference>
         </ReferenceInformation>
         <ReferenceInformation>
            <AddressType>SH</AddressType>
            <ReferenceType>Z01</ReferenceType>
            <Reference>5014975106</Reference>
         </ReferenceInformation>
         <ReferenceInformation>
            <AddressType>SH</AddressType>
            <ReferenceType>ON</ReferenceType>
            <Reference>7100011780</Reference>
         </ReferenceInformation>
         <ReferenceInformation>
            <AddressType>FW</AddressType>
            <Reference>    -    -   .</Reference>
         </ReferenceInformation>
         <ShipmentInformation>
            <TotalNoOfPackages>1</TotalNoOfPackages>
            <DangerousGoodsFlag>N</DangerousGoodsFlag>
            <TotalNoOfPackagesDangerousGoods>0</TotalNoOfPackagesDangerousGoods>
            <TotalGrossWeight>
               <Value>18594.00</Value>
               <MeasureUnit>K</MeasureUnit>
            </TotalGrossWeight>
            <TotalChargeableWeight>
               <Value>31150.00</Value>
               <MeasureUnit>K</MeasureUnit>
            </TotalChargeableWeight>
            <TotalGrossVolume>
               <Value>31.150</Value>
               <MeasureUnit>M</MeasureUnit>
            </TotalGrossVolume>
            <ShippingDetails>
               <Seafreight>
                  <PlaceOfReceipt>DELPHOS, OH                   USDEP</PlaceOfReceipt>
                  <CountryOfOrigin>US</CountryOfOrigin>
                  <PortOfLoading>USORF</PortOfLoading>
                  <ETSDate>2016-02-01</ETSDate>
                  <ETADate>2016-03-11</ETADate>
                  <PortOfDischarge>IDJKT</PortOfDischarge>
                  <CountryOfDestination>ID</CountryOfDestination>
                  <OceanVessel>HANGZHOU BAY BRIDGE</OceanVessel>
                  <VoyageNo>016B</VoyageNo>
                  <SCAC>KKLU</SCAC>
                  <TermsOfDelivery>CIF</TermsOfDelivery>
                  <TermsOfDeliveryLocation>JAKARTA</TermsOfDeliveryLocation>
                  <InsuranceCode>2</InsuranceCode>
                  <MovementCode>4</MovementCode>
               </Seafreight>
            </ShippingDetails>
            <FCLContainerDetails>
               <ContainerType>40GE</ContainerType>
               <ContainerNumber>KKFU1770370</ContainerNumber>
               <ContainerSealNumber>67447723</ContainerSealNumber>
               <ContainerMovementCode>4</ContainerMovementCode>
               <ContainerGrossWeight>
                  <Value>18594.00</Value>
                  <MeasureUnit>K</MeasureUnit>
               </ContainerGrossWeight>
               <ContainerGrossVolume>
                  <Value>31.150</Value>
                  <MeasureUnit>M</MeasureUnit>
               </ContainerGrossVolume>
               <Content>
                  <CargoDescription>CONTAINER SAID TO CONTAIN</CargoDescription>
                  <CargoDescription>HS-CODE: 3507907000</CargoDescription>
                  <CargoDescription>AESPOST 350470957 1/25/16</CargoDescription>
                  <CargoDescription>SHIPPER'S LOAD, COUNT AND</CargoDescription>
                  <CargoDescription>18 PALLETS HEMICELL HT</CargoDescription>
                  <CargoDescription>(ANIMAL FEED SUPPLEMENT)</CargoDescription>
                  <CargoDescription>ALL MENTIONED CONTAINERS</CargoDescription>
                  <CargoDescription>SEAL</CargoDescription>
               </Content>
            </FCLContainerDetails>
         </ShipmentInformation>
      </InvoiceDetails>
      <InvoiceTotals>
         <InvoiceTotalIncludingVAT>
            <Value>3305.00</Value>
            <Currency>USD</Currency>
         </InvoiceTotalIncludingVAT>
         <InvoiceNetLiableVAT>
            <Value>0.00</Value>
            <Currency>USD</Currency>
            <VATPercentage>0.00</VATPercentage>
         </InvoiceNetLiableVAT>
         <InvoiceNetNotLiableVAT>
            <Value>3305.00</Value>
            <Currency>USD</Currency>
         </InvoiceNetNotLiableVAT>
         <InvoiceTotalVAT>
            <Value>0.00</Value>
            <Currency>USD</Currency>
         </InvoiceTotalVAT>
         <InvoiceTotalNet>
            <Value>3305.00</Value>
            <Currency>USD</Currency>
         </InvoiceTotalNet>
      </InvoiceTotals>
   </Message>
</FreightInvoiceExt>
