<?xml version="1.0" encoding="ISO-8859-1"?>
<FreightInvoiceExt>
   <Envelope>
      <SenderIdentification>USCHI01</SenderIdentification>
      <ReceiverIdentification>USIND35</ReceiverIdentification>
      <MessageType>FRTINV</MessageType>
      <MessageVersion>01.00</MessageVersion>
      <EnvelopeIdentification>0140</EnvelopeIdentification>
      <TransmissionDateTime>
         <Date>2016-02-15</Date>
         <Time>23:34:29.0Z</Time>
      </TransmissionDateTime>
   </Envelope>
   <Message>
      <InvoiceHeader>
         <InvoiceType>S</InvoiceType>
         <InvoiceNumber>CHI2488744</InvoiceNumber>
         <InvoiceDate>2016-02-15</InvoiceDate>
         <InvoiceDueDate>2016-03-31</InvoiceDueDate>
         <CreditDebitFlag>D</CreditDebitFlag>
         <InvoiceToAddress>
            <PartyInformation>
               <PartyName>ELI LILLY US</PartyName>
               <PartyName_2>C O TRAX TECHNOLOGIES MB E04</PartyName_2>
               <Street>7100 E  BELLEVIEW AVE   SUITE 107</Street>
               <City>GREENWOOD VILLAGE</City>
               <StateRegionCode>CO</StateRegionCode>
               <CountryCode>US</CountryCode>
               <KNAddressCode>ELILIND003</KNAddressCode>
            </PartyInformation>
            <AccountNo>8113976</AccountNo>
         </InvoiceToAddress>
         <InvoicedByAddress>
            <PartyInformation>
               <PartyName>KUEHNE+NAGEL INC FMC 001162NF</PartyName>
               <Street>1001 BUSSE ROAD CHB 4455 FC J497</Street>
               <City>ELK GROVE VILLAGE</City>
               <StateRegionCode>IL</StateRegionCode>
               <CountryCode>US</CountryCode>
               <KNAddressCode>KN CHI FS</KNAddressCode>
            </PartyInformation>
         </InvoicedByAddress>
      </InvoiceHeader>
      <InvoiceDetails>
         <KNFileReference>6320-0149-601.013</KNFileReference>
         <TypeOfTransport>10</TypeOfTransport>
         <InvoiceAmount>
            <Value>2951.00</Value>
            <Currency>USD</Currency>
         </InvoiceAmount>
         <VATDetails>
            <VATText>Freight - ACON 100</VATText>
            <VATBaseValue>
               <Value>2951.00</Value>
               <Currency>USD</Currency>
            </VATBaseValue>
            <VATValue>
               <Value>0.00</Value>
               <Currency>USD</Currency>
            </VATValue>
            <VATRate>0.00</VATRate>
         </VATDetails>
         <ChargeDetails>
            <ChargeCode>550</ChargeCode>
            <CreditDebitFlag>D</CreditDebitFlag>
            <ChargeDescription>SEA FREIGHT</ChargeDescription>
            <ChargeAmount>
               <Value>2951.00</Value>
               <Currency>USD</Currency>
            </ChargeAmount>
            <VATPercentage>0.00</VATPercentage>
            <ChargeRemarks/>
         </ChargeDetails>
         <AddressInformation>
            <AddressType>SH</AddressType>
            <PartyInformation>
               <PartyName>ELI LILLY AND COMPANY</PartyName>
               <Street>LILLY CORPORATE CENTER</Street>
               <City>INDIANAPOLIS</City>
               <StateRegionCode>IN</StateRegionCode>
               <CountryCode>US</CountryCode>
               <KNAddressCode>ELILIND003</KNAddressCode>
            </PartyInformation>
         </AddressInformation>
         <AddressInformation>
            <AddressType>CN</AddressType>
            <PartyInformation>
               <PartyName>BEHN MEYER CHEMICAL (T) CO. LTD.</PartyName>
               <PartyName_2>189 MOO 6, BANGKOK-CHONBURI RD.</PartyName_2>
               <Street>TUBYAO, LADKRABANG</Street>
               <Street_2>BANGKOK 10520 THAILAND</Street_2>
               <City>BANGKOK</City>
               <CountryCode>TH</CountryCode>
               <KNAddressCode>BEHNBAN01</KNAddressCode>
            </PartyInformation>
         </AddressInformation>
         <ReferenceInformation>
            <AddressType>CU</AddressType>
            <ReferenceType>BN</ReferenceType>
            <Reference>WWWE73307316298</Reference>
         </ReferenceInformation>
         <ReferenceInformation>
            <AddressType>CU</AddressType>
            <ReferenceType>FV</ReferenceType>
            <Reference>1</Reference>
         </ReferenceInformation>
         <ReferenceInformation>
            <AddressType>CU</AddressType>
            <ReferenceType>Z03</ReferenceType>
            <Reference>NO</Reference>
         </ReferenceInformation>
         <ReferenceInformation>
            <AddressType>CU</AddressType>
            <ReferenceType>Z01</ReferenceType>
            <Reference>5014924933</Reference>
         </ReferenceInformation>
         <ReferenceInformation>
            <AddressType>CU</AddressType>
            <ReferenceType>ON</ReferenceType>
            <Reference>6700006486</Reference>
         </ReferenceInformation>
         <ReferenceInformation>
            <AddressType>CU</AddressType>
            <ReferenceType>Z02</ReferenceType>
            <Reference>NO</Reference>
         </ReferenceInformation>
         <ReferenceInformation>
            <AddressType>SH</AddressType>
            <ReferenceType>Z03</ReferenceType>
            <Reference>NO</Reference>
         </ReferenceInformation>
         <ReferenceInformation>
            <AddressType>SH</AddressType>
            <ReferenceType>Z02</ReferenceType>
            <Reference>NO</Reference>
         </ReferenceInformation>
         <ReferenceInformation>
            <AddressType>SH</AddressType>
            <ReferenceType>Z01</ReferenceType>
            <Reference>5014924933</Reference>
         </ReferenceInformation>
         <ReferenceInformation>
            <AddressType>SH</AddressType>
            <ReferenceType>ON</ReferenceType>
            <Reference>6700006486</Reference>
         </ReferenceInformation>
         <ReferenceInformation>
            <AddressType>CN</AddressType>
            <ReferenceType>*BK</ReferenceType>
            <Reference>4037284010</Reference>
         </ReferenceInformation>
         <ReferenceInformation>
            <AddressType>FW</AddressType>
            <Reference>1007-3789-110.000</Reference>
         </ReferenceInformation>
         <ShipmentInformation>
            <TotalNoOfPackages>1</TotalNoOfPackages>
            <DangerousGoodsFlag>N</DangerousGoodsFlag>
            <TotalNoOfPackagesDangerousGoods>0</TotalNoOfPackagesDangerousGoods>
            <TotalGrossWeight>
               <Value>14462.00</Value>
               <MeasureUnit>K</MeasureUnit>
            </TotalGrossWeight>
            <TotalChargeableWeight>
               <Value>24200.00</Value>
               <MeasureUnit>K</MeasureUnit>
            </TotalChargeableWeight>
            <TotalGrossVolume>
               <Value>24.200</Value>
               <MeasureUnit>M</MeasureUnit>
            </TotalGrossVolume>
            <ShippingDetails>
               <Seafreight>
                  <PlaceOfReceipt>DELPHOS, OH                   USDEP</PlaceOfReceipt>
                  <CountryOfOrigin>US</CountryOfOrigin>
                  <PortOfLoading>USORF</PortOfLoading>
                  <ETSDate>2016-02-09</ETSDate>
                  <ETADate>2016-03-16</ETADate>
                  <PortOfDischarge>THBMT</PortOfDischarge>
                  <CountryOfDestination>TH</CountryOfDestination>
                  <OceanVessel>NINGBO EXPRESS</OceanVessel>
                  <VoyageNo>073W</VoyageNo>
                  <SCAC>OOLU</SCAC>
                  <TermsOfDelivery>CIF</TermsOfDelivery>
                  <TermsOfDeliveryLocation>BANGKOK MODERN TE</TermsOfDeliveryLocation>
                  <InsuranceCode>2</InsuranceCode>
                  <MovementCode>4</MovementCode>
               </Seafreight>
            </ShippingDetails>
            <FCLContainerDetails>
               <ContainerType>40GE</ContainerType>
               <ContainerNumber>OOLU7339415</ContainerNumber>
               <ContainerSealNumber>UL-6747709</ContainerSealNumber>
               <ContainerMovementCode>4</ContainerMovementCode>
               <ContainerGrossWeight>
                  <Value>14462.00</Value>
                  <MeasureUnit>K</MeasureUnit>
               </ContainerGrossWeight>
               <ContainerGrossVolume>
                  <Value>24.200</Value>
                  <MeasureUnit>M</MeasureUnit>
               </ContainerGrossVolume>
               <Content>
                  <CargoDescription>CONTAINER SAID TO CONTAIN</CargoDescription>
                  <CargoDescription>OF HEMICELL HT</CargoDescription>
                  <CargoDescription>AESPOST 350470950 1/20/16</CargoDescription>
                  <CargoDescription>HS-CODE(S):3507907000</CargoDescription>
                  <CargoDescription>SHIPPER'S LOAD, COUNT AND</CargoDescription>
                  <CargoDescription>14 PALLETS (560 BAGS)</CargoDescription>
                  <CargoDescription>(ANIMAL FEED SUPPLEMENT)</CargoDescription>
                  <CargoDescription>HS-CODE: 3507907000</CargoDescription>
                  <CargoDescription>ALL MENTIONED CONTAINERS</CargoDescription>
                  <CargoDescription>SEAL</CargoDescription>
               </Content>
            </FCLContainerDetails>
         </ShipmentInformation>
      </InvoiceDetails>
      <InvoiceTotals>
         <InvoiceTotalIncludingVAT>
            <Value>2951.00</Value>
            <Currency>USD</Currency>
         </InvoiceTotalIncludingVAT>
         <InvoiceNetLiableVAT>
            <Value>0.00</Value>
            <Currency>USD</Currency>
            <VATPercentage>0.00</VATPercentage>
         </InvoiceNetLiableVAT>
         <InvoiceNetNotLiableVAT>
            <Value>2951.00</Value>
            <Currency>USD</Currency>
         </InvoiceNetNotLiableVAT>
         <InvoiceTotalVAT>
            <Value>0.00</Value>
            <Currency>USD</Currency>
         </InvoiceTotalVAT>
         <InvoiceTotalNet>
            <Value>2951.00</Value>
            <Currency>USD</Currency>
         </InvoiceTotalNet>
      </InvoiceTotals>
   </Message>
</FreightInvoiceExt>
